h,metric,estimate,ci_lo,ci_hi,n
1,acc,0.5046296296296297,0.498906672000885,0.5225703120231628,4320
1,mcc,0.02900135119291311,0.02307039126753807,0.06751752644777298,4320
24,acc,0.4525531914893617,0.4186979830265045,0.47334155440330505,4700
24,mcc,0.02024506151440459,-0.029201069846749306,0.05430971458554268,4700
