h,coverage90,width90,width_zero_rate,width_p95,width_p99,bimod_ratio,pinball10,pinball50,pinball90
1,0.8498287195630034,0.09785117208957672,0.0,0.1582646369934082,0.3397536277770996,2.0158917903900146,0.009380917064845562,0.02248363196849823,0.014601235277950764
2,0.9715767058605684,0.13589513301849365,0.0,0.23441827297210693,0.5475842952728271,2.149961471557617,0.007414238061755896,0.015856480225920677,0.010078723542392254
3,0.8975094898620498,0.11578536778688431,0.0,0.1928538680076599,0.4342355728149414,2.0991244316101074,0.009744007140398026,0.01958649791777134,0.012552197091281414
4,0.9554670863808906,0.1551457792520523,0.0,0.2784630060195923,0.6591928005218506,2.251190185546875,0.011847848072648048,0.025547193363308907,0.008618541061878204
