h,coverage90,width90,width_zero_rate,width_p95,width_p99,bimod_ratio,pinball10,pinball50,pinball90
1,0.979446347560411,0.16923879086971283,0.0,0.31767988204956055,0.8975498676300049,3.1814277172088623,0.007975997403264046,0.019031748175621033,0.009413867257535458
2,0.9323210813813536,0.13930636644363403,0.0,0.2732335329055786,0.7056517601013184,3.0974032878875732,0.008471785113215446,0.017940493300557137,0.008264560252428055
3,0.9564855106008703,0.15589593350887299,0.0,0.30866432189941406,0.7811319828033447,3.0822508335113525,0.007211030926555395,0.019667670130729675,0.010132500901818275
4,0.9640774002407184,0.15059515833854675,0.0,0.30188417434692383,0.7539205551147461,3.2065041065216064,0.00755480770021677,0.019083071500062943,0.009322583675384521
