h,coverage90,width90,width_zero_rate,width_p95,width_p99,bimod_ratio,pinball10,pinball50,pinball90
1,0.9920377742801593,0.24346335232257843,0.0,0.3275179862976074,2.2187695503234863,1.863803505897522,0.013237260282039642,0.021769598126411438,0.01220609899610281
2,0.9763910749004722,0.1938435137271881,0.0,0.2881007194519043,1.338083267211914,1.965071678161621,0.011134222149848938,0.024732252582907677,0.009998857043683529
3,0.981298027960374,0.23341530561447144,0.0,0.32902050018310547,0.8815059661865234,1.5807362794876099,0.015424711629748344,0.023416996002197266,0.010058184154331684
4,0.9517637255809647,0.19969859719276428,0.0,0.3180811405181885,1.0831828117370605,2.0047924518585205,0.013610542751848698,0.03084779530763626,0.013244951143860817
